USE [QuanLyBanVeXeKhach]
GO




SET IDENTITY_INSERT [dbo].[DiaDiem] ON 

GO
INSERT [dbo].[DiaDiem] ([ID_DIADIEM], [TEN_TINH_THANH]) VALUES (1, N'TP. Hồ Chí Minh')
GO
INSERT [dbo].[DiaDiem] ([ID_DIADIEM], [TEN_TINH_THANH]) VALUES (2, N'Lâm Đồng')
GO
INSERT [dbo].[DiaDiem] ([ID_DIADIEM], [TEN_TINH_THANH]) VALUES (3, N'Đăk Lăk')
GO
SET IDENTITY_INSERT [dbo].[DiaDiem] OFF
GO
SET IDENTITY_INSERT [dbo].[TuyenDuong] ON 

GO
INSERT [dbo].[TuyenDuong] ([ID_TUYEN], [TEN_TUYEN], [DIEM_DAU], [DIEM_CUOI], [KHOANG_CACH], [THOI_GIAN_DI_CHUYEN]) VALUES (1, N'TP. Hồ Chí Minh - Lâm Đồng', 1, 2, 280, 7)
GO
INSERT [dbo].[TuyenDuong] ([ID_TUYEN], [TEN_TUYEN], [DIEM_DAU], [DIEM_CUOI], [KHOANG_CACH], [THOI_GIAN_DI_CHUYEN]) VALUES (2, N'Lâm Đồng - TP. Hồ Chí Minh', 2, 1, 285, 7)
GO
INSERT [dbo].[TuyenDuong] ([ID_TUYEN], [TEN_TUYEN], [DIEM_DAU], [DIEM_CUOI], [KHOANG_CACH], [THOI_GIAN_DI_CHUYEN]) VALUES (3, N'TP. Hồ Chí Minh - Đăk Lăk', 1, 3, 350, 8)
GO
INSERT [dbo].[TuyenDuong] ([ID_TUYEN], [TEN_TUYEN], [DIEM_DAU], [DIEM_CUOI], [KHOANG_CACH], [THOI_GIAN_DI_CHUYEN]) VALUES (4, N'Đăk Lăk - TP. Hồ Chí Minh', 3, 1, 350, 8)
GO
SET IDENTITY_INSERT [dbo].[TuyenDuong] OFF
GO
INSERT [dbo].[TRAMDUNGCHAN] ([ID_TramDungChan], [TEN_TramDungChan], [ID_DIADIEM]) VALUES (N'TDC001', N'Bến xe Miền Đông', 1)
GO
INSERT [dbo].[TRAMDUNGCHAN] ([ID_TramDungChan], [TEN_TramDungChan], [ID_DIADIEM]) VALUES (N'TDC002', N'Bến xe An Sương', 1)
GO
INSERT [dbo].[TRAMDUNGCHAN] ([ID_TramDungChan], [TEN_TramDungChan], [ID_DIADIEM]) VALUES (N'TDC003', N'Mũi Tàu Trường Trinh', 1)
GO
INSERT [dbo].[TRAMDUNGCHAN] ([ID_TramDungChan], [TEN_TramDungChan], [ID_DIADIEM]) VALUES (N'TDC004', N'Bến xe Miền Tây', 1)
GO
INSERT [dbo].[TRAMDUNGCHAN] ([ID_TramDungChan], [TEN_TramDungChan], [ID_DIADIEM]) VALUES (N'TDC005', N'Coop Mart Bảo Lộc', 2)
GO
INSERT [dbo].[TRAMDUNGCHAN] ([ID_TramDungChan], [TEN_TramDungChan], [ID_DIADIEM]) VALUES (N'TDC006', N'Bến xe Di Linh', 2)
GO
INSERT [dbo].[TRAMDUNGCHAN] ([ID_TramDungChan], [TEN_TramDungChan], [ID_DIADIEM]) VALUES (N'TDC007', N'Bến xe phía Nam', 3)
GO
INSERT [dbo].[TRAMDUNGCHAN] ([ID_TramDungChan], [TEN_TramDungChan], [ID_DIADIEM]) VALUES (N'TDC008', N'Ngã tư Phạm Ngũ Lão', 3)
GO
INSERT [dbo].[TRAMDUNGCHAN] ([ID_TramDungChan], [TEN_TramDungChan], [ID_DIADIEM]) VALUES (N'TDC009', N'Bến xe phía Bắc', 3)
GO
INSERT [dbo].[TRAMDUNGCHAN] ([ID_TramDungChan], [TEN_TramDungChan], [ID_DIADIEM]) VALUES (N'TDC010', N'Bến xe thành phố Buôn Ma Thuột', 3)
GO
INSERT [dbo].[TRAMDUNGCHAN] ([ID_TramDungChan], [TEN_TramDungChan], [ID_DIADIEM]) VALUES (N'TDC011', N'Bến xe liên tỉnh Đà Lạt', 2)
GO
SET IDENTITY_INSERT [dbo].[Xe] ON 

GO
INSERT [dbo].[Xe] ([ID_XE], [BIEN_SO_XE], [SO_GHE], [NGAY_THEM]) VALUES (1, N'59A-12345', 20, CAST(N'2024-12-03 10:46:35.763' AS DateTime))
GO
INSERT [dbo].[Xe] ([ID_XE], [BIEN_SO_XE], [SO_GHE], [NGAY_THEM]) VALUES (2, N'50B-54321', 34, CAST(N'2024-12-03 10:46:35.763' AS DateTime))
GO
INSERT [dbo].[Xe] ([ID_XE], [BIEN_SO_XE], [SO_GHE], [NGAY_THEM]) VALUES (3, N'81D-11223', 20, CAST(N'2024-12-03 10:46:35.763' AS DateTime))
GO
INSERT [dbo].[Xe] ([ID_XE], [BIEN_SO_XE], [SO_GHE], [NGAY_THEM]) VALUES (4, N'47C-98765', 34, CAST(N'2024-12-03 10:46:35.767' AS DateTime))
GO
INSERT [dbo].[Xe] ([ID_XE], [BIEN_SO_XE], [SO_GHE], [NGAY_THEM]) VALUES (5, N'52G-99001', 20, CAST(N'2024-12-03 10:46:35.767' AS DateTime))
GO
INSERT [dbo].[Xe] ([ID_XE], [BIEN_SO_XE], [SO_GHE], [NGAY_THEM]) VALUES (6, N'59E-44556', 34, CAST(N'2024-12-03 10:46:35.767' AS DateTime))
GO
INSERT [dbo].[Xe] ([ID_XE], [BIEN_SO_XE], [SO_GHE], [NGAY_THEM]) VALUES (7, N'58F-77889', 34, CAST(N'2024-12-03 10:46:35.767' AS DateTime))
GO
INSERT [dbo].[Xe] ([ID_XE], [BIEN_SO_XE], [SO_GHE], [NGAY_THEM]) VALUES (8, N'52H-22334', 34, CAST(N'2024-12-03 10:46:35.767' AS DateTime))
GO
INSERT [dbo].[Xe] ([ID_XE], [BIEN_SO_XE], [SO_GHE], [NGAY_THEM]) VALUES (17, N'xe test', 34, CAST(N'2024-12-03 14:49:35.427' AS DateTime))
GO
SET IDENTITY_INSERT [dbo].[Xe] OFF
GO
INSERT [dbo].[LichTrinh] ([MA_LICH_TRINH], [ID_TUYEN_DUONG], [KHOI_HANH], [KET_THUC], [GIA_VE], [ID_XE], [SOGHETRONG], [NGAY_TAO_LICH_TRINH], [TRANG_THAI]) VALUES (N'LT001', 1, CAST(N'2024-12-19 18:00:00.000' AS DateTime), CAST(N'2024-12-20 01:00:00.000' AS DateTime), 280000, 1, 20, CAST(N'2024-12-03 10:48:40.500' AS DateTime), N'Chưa đi')
GO
INSERT [dbo].[LichTrinh] ([MA_LICH_TRINH], [ID_TUYEN_DUONG], [KHOI_HANH], [KET_THUC], [GIA_VE], [ID_XE], [SOGHETRONG], [NGAY_TAO_LICH_TRINH], [TRANG_THAI]) VALUES (N'LT002', 1, CAST(N'2024-12-20 12:30:00.000' AS DateTime), CAST(N'2024-12-20 19:30:00.000' AS DateTime), 280000, 2, 34, CAST(N'2024-12-03 10:48:40.517' AS DateTime), N'Chưa đi')
GO
INSERT [dbo].[LichTrinh] ([MA_LICH_TRINH], [ID_TUYEN_DUONG], [KHOI_HANH], [KET_THUC], [GIA_VE], [ID_XE], [SOGHETRONG], [NGAY_TAO_LICH_TRINH], [TRANG_THAI]) VALUES (N'LT003', 2, CAST(N'2024-12-19 19:00:00.000' AS DateTime), CAST(N'2024-12-20 02:00:00.000' AS DateTime), 280000, 3, 17, CAST(N'2024-12-03 10:48:40.517' AS DateTime), N'Chưa đi')
GO
INSERT [dbo].[LichTrinh] ([MA_LICH_TRINH], [ID_TUYEN_DUONG], [KHOI_HANH], [KET_THUC], [GIA_VE], [ID_XE], [SOGHETRONG], [NGAY_TAO_LICH_TRINH], [TRANG_THAI]) VALUES (N'LT004', 3, CAST(N'2024-12-20 12:00:00.000' AS DateTime), CAST(N'2024-12-20 20:00:00.000' AS DateTime), 350000, 4, 34, CAST(N'2024-12-03 10:48:40.517' AS DateTime), N'Chưa đi')
GO
INSERT [dbo].[LichTrinh] ([MA_LICH_TRINH], [ID_TUYEN_DUONG], [KHOI_HANH], [KET_THUC], [GIA_VE], [ID_XE], [SOGHETRONG], [NGAY_TAO_LICH_TRINH], [TRANG_THAI]) VALUES (N'LT005', 1, CAST(N'2024-12-03 14:10:00.000' AS DateTime), CAST(N'2024-12-03 21:10:00.000' AS DateTime), 250000, 1, 20, CAST(N'2024-12-03 14:10:22.533' AS DateTime), N'Đã đi')
GO
INSERT [dbo].[LichTrinh] ([MA_LICH_TRINH], [ID_TUYEN_DUONG], [KHOI_HANH], [KET_THUC], [GIA_VE], [ID_XE], [SOGHETRONG], [NGAY_TAO_LICH_TRINH], [TRANG_THAI]) VALUES (N'LT006', 4, CAST(N'2024-12-06 19:50:00.000' AS DateTime), CAST(N'2024-12-07 03:50:00.000' AS DateTime), 350000, 1, 20, CAST(N'2024-12-03 19:51:30.640' AS DateTime), N'Chưa đi')
GO
INSERT [dbo].[LichTrinh] ([MA_LICH_TRINH], [ID_TUYEN_DUONG], [KHOI_HANH], [KET_THUC], [GIA_VE], [ID_XE], [SOGHETRONG], [NGAY_TAO_LICH_TRINH], [TRANG_THAI]) VALUES (N'LT007', 4, CAST(N'2024-12-06 22:50:00.000' AS DateTime), CAST(N'2024-12-07 06:50:00.000' AS DateTime), 300000, 1, 20, CAST(N'2024-12-03 19:52:01.387' AS DateTime), N'Chưa đi')
GO
INSERT [dbo].[LichTrinh] ([MA_LICH_TRINH], [ID_TUYEN_DUONG], [KHOI_HANH], [KET_THUC], [GIA_VE], [ID_XE], [SOGHETRONG], [NGAY_TAO_LICH_TRINH], [TRANG_THAI]) VALUES (N'LT008', 3, CAST(N'2024-12-05 11:50:00.000' AS DateTime), CAST(N'2024-12-05 19:50:00.000' AS DateTime), 300000, 1, 20, CAST(N'2024-12-03 19:52:41.723' AS DateTime), N'Đã đi')
GO
INSERT [dbo].[LichTrinh] ([MA_LICH_TRINH], [ID_TUYEN_DUONG], [KHOI_HANH], [KET_THUC], [GIA_VE], [ID_XE], [SOGHETRONG], [NGAY_TAO_LICH_TRINH], [TRANG_THAI]) VALUES (N'LT009', 3, CAST(N'2024-12-05 12:50:00.000' AS DateTime), CAST(N'2024-12-05 20:50:00.000' AS DateTime), 320000, 1, 20, CAST(N'2024-12-03 19:53:10.090' AS DateTime), N'Chưa đi')
GO
INSERT [dbo].[LichTrinh] ([MA_LICH_TRINH], [ID_TUYEN_DUONG], [KHOI_HANH], [KET_THUC], [GIA_VE], [ID_XE], [SOGHETRONG], [NGAY_TAO_LICH_TRINH], [TRANG_THAI]) VALUES (N'LT010', 1, CAST(N'2024-12-16 10:26:00.000' AS DateTime), CAST(N'2024-12-16 17:26:00.000' AS DateTime), 350000, 1, 20, CAST(N'2024-12-05 10:27:24.860' AS DateTime), N'Chưa đi')
GO
INSERT [dbo].[LichTrinh] ([MA_LICH_TRINH], [ID_TUYEN_DUONG], [KHOI_HANH], [KET_THUC], [GIA_VE], [ID_XE], [SOGHETRONG], [NGAY_TAO_LICH_TRINH], [TRANG_THAI]) VALUES (N'LT011', 2, CAST(N'2024-12-17 10:35:00.000' AS DateTime), CAST(N'2024-12-17 17:35:00.000' AS DateTime), 320000, 1, 20, CAST(N'2024-12-05 10:36:40.343' AS DateTime), N'Chưa đi')
GO
INSERT [dbo].[LichTrinh] ([MA_LICH_TRINH], [ID_TUYEN_DUONG], [KHOI_HANH], [KET_THUC], [GIA_VE], [ID_XE], [SOGHETRONG], [NGAY_TAO_LICH_TRINH], [TRANG_THAI]) VALUES (N'LT012', 1, CAST(N'2024-12-26 11:05:00.000' AS DateTime), CAST(N'2024-12-26 18:05:00.000' AS DateTime), 280000, 4, 34, CAST(N'2024-12-05 11:06:06.823' AS DateTime), N'Chưa đi')
GO
INSERT [dbo].[LichTrinh] ([MA_LICH_TRINH], [ID_TUYEN_DUONG], [KHOI_HANH], [KET_THUC], [GIA_VE], [ID_XE], [SOGHETRONG], [NGAY_TAO_LICH_TRINH], [TRANG_THAI]) VALUES (N'LT013', 1, CAST(N'2024-12-28 11:11:00.000' AS DateTime), CAST(N'2024-12-28 18:11:00.000' AS DateTime), 320000, 2, 34, CAST(N'2024-12-05 11:12:30.110' AS DateTime), N'Chưa đi')
GO
INSERT [dbo].[NHANVIEN] ([USERNAME], [MAT_KHAU], [HOTEN], [SO_DT], [GIOITINH], [DIACHI], [LOAINV]) VALUES (N'abc', N'1', N'Nguyễn Văn F', N'0987651234', N'Nam', N'Cà Mau', N'Nhân viên')
GO
INSERT [dbo].[NHANVIEN] ([USERNAME], [MAT_KHAU], [HOTEN], [SO_DT], [GIOITINH], [DIACHI], [LOAINV]) VALUES (N'abcd', N'1', N'Nguyễn Thị B', N'0987651234', N'Nữ', N'Hà Nội', N'Quản lý')
GO
INSERT [dbo].[Ve] ([ID_VE], [ID_LICH_TRINH], [TONG_TIEN], [NHAN_VIEN_TAO], [TRANG_THAI], [NGAY_DAT_VE], [SOLUONG], [SDT], [TENKHACHHANG], [DIEMDON], [DIEMTRA], [HINHTHUCTHANHTOAN]) VALUES (N'LT003VE001', N'LT003', 560000, N'abcd', N'Hiện tại', CAST(N'2024-12-05 11:52:50.727' AS DateTime), 2, N'0794672267', N'Trần Kháng Dĩ', N'TDC005', N'TDC003', N'Tiền mặt')
GO
INSERT [dbo].[THEMTRAMDUNGCHAN] ([ID_TramDungChan], [MA_LICH_TRINH]) VALUES (N'TDC001', N'LT002')
GO
INSERT [dbo].[THEMTRAMDUNGCHAN] ([ID_TramDungChan], [MA_LICH_TRINH]) VALUES (N'TDC001', N'LT007')
GO
INSERT [dbo].[THEMTRAMDUNGCHAN] ([ID_TramDungChan], [MA_LICH_TRINH]) VALUES (N'TDC001', N'LT009')
GO
INSERT [dbo].[THEMTRAMDUNGCHAN] ([ID_TramDungChan], [MA_LICH_TRINH]) VALUES (N'TDC002', N'LT001')
GO
INSERT [dbo].[THEMTRAMDUNGCHAN] ([ID_TramDungChan], [MA_LICH_TRINH]) VALUES (N'TDC002', N'LT004')
GO
INSERT [dbo].[THEMTRAMDUNGCHAN] ([ID_TramDungChan], [MA_LICH_TRINH]) VALUES (N'TDC002', N'LT008')
GO
INSERT [dbo].[THEMTRAMDUNGCHAN] ([ID_TramDungChan], [MA_LICH_TRINH]) VALUES (N'TDC003', N'LT001')
GO
INSERT [dbo].[THEMTRAMDUNGCHAN] ([ID_TramDungChan], [MA_LICH_TRINH]) VALUES (N'TDC003', N'LT003')
GO
INSERT [dbo].[THEMTRAMDUNGCHAN] ([ID_TramDungChan], [MA_LICH_TRINH]) VALUES (N'TDC003', N'LT006')
GO
INSERT [dbo].[THEMTRAMDUNGCHAN] ([ID_TramDungChan], [MA_LICH_TRINH]) VALUES (N'TDC004', N'LT002')
GO
INSERT [dbo].[THEMTRAMDUNGCHAN] ([ID_TramDungChan], [MA_LICH_TRINH]) VALUES (N'TDC004', N'LT003')
GO
INSERT [dbo].[THEMTRAMDUNGCHAN] ([ID_TramDungChan], [MA_LICH_TRINH]) VALUES (N'TDC004', N'LT004')
GO
INSERT [dbo].[THEMTRAMDUNGCHAN] ([ID_TramDungChan], [MA_LICH_TRINH]) VALUES (N'TDC004', N'LT006')
GO
INSERT [dbo].[THEMTRAMDUNGCHAN] ([ID_TramDungChan], [MA_LICH_TRINH]) VALUES (N'TDC004', N'LT007')
GO
INSERT [dbo].[THEMTRAMDUNGCHAN] ([ID_TramDungChan], [MA_LICH_TRINH]) VALUES (N'TDC004', N'LT008')
GO
INSERT [dbo].[THEMTRAMDUNGCHAN] ([ID_TramDungChan], [MA_LICH_TRINH]) VALUES (N'TDC004', N'LT009')
GO
INSERT [dbo].[THEMTRAMDUNGCHAN] ([ID_TramDungChan], [MA_LICH_TRINH]) VALUES (N'TDC005', N'LT001')
GO
INSERT [dbo].[THEMTRAMDUNGCHAN] ([ID_TramDungChan], [MA_LICH_TRINH]) VALUES (N'TDC005', N'LT002')
GO
INSERT [dbo].[THEMTRAMDUNGCHAN] ([ID_TramDungChan], [MA_LICH_TRINH]) VALUES (N'TDC005', N'LT003')
GO
INSERT [dbo].[THEMTRAMDUNGCHAN] ([ID_TramDungChan], [MA_LICH_TRINH]) VALUES (N'TDC006', N'LT003')
GO
INSERT [dbo].[THEMTRAMDUNGCHAN] ([ID_TramDungChan], [MA_LICH_TRINH]) VALUES (N'TDC007', N'LT004')
GO
INSERT [dbo].[THEMTRAMDUNGCHAN] ([ID_TramDungChan], [MA_LICH_TRINH]) VALUES (N'TDC007', N'LT009')
GO
INSERT [dbo].[THEMTRAMDUNGCHAN] ([ID_TramDungChan], [MA_LICH_TRINH]) VALUES (N'TDC008', N'LT009')
GO
INSERT [dbo].[THEMTRAMDUNGCHAN] ([ID_TramDungChan], [MA_LICH_TRINH]) VALUES (N'TDC009', N'LT006')
GO
INSERT [dbo].[THEMTRAMDUNGCHAN] ([ID_TramDungChan], [MA_LICH_TRINH]) VALUES (N'TDC009', N'LT007')
GO
INSERT [dbo].[THEMTRAMDUNGCHAN] ([ID_TramDungChan], [MA_LICH_TRINH]) VALUES (N'TDC009', N'LT008')
GO
INSERT [dbo].[THEMTRAMDUNGCHAN] ([ID_TramDungChan], [MA_LICH_TRINH]) VALUES (N'TDC010', N'LT004')
GO
INSERT [dbo].[THEMTRAMDUNGCHAN] ([ID_TramDungChan], [MA_LICH_TRINH]) VALUES (N'TDC010', N'LT006')
GO
INSERT [dbo].[THEMTRAMDUNGCHAN] ([ID_TramDungChan], [MA_LICH_TRINH]) VALUES (N'TDC010', N'LT007')
GO
INSERT [dbo].[THEMTRAMDUNGCHAN] ([ID_TramDungChan], [MA_LICH_TRINH]) VALUES (N'TDC010', N'LT008')
GO
INSERT [dbo].[THEMTRAMDUNGCHAN] ([ID_TramDungChan], [MA_LICH_TRINH]) VALUES (N'TDC011', N'LT001')
GO
INSERT [dbo].[THEMTRAMDUNGCHAN] ([ID_TramDungChan], [MA_LICH_TRINH]) VALUES (N'TDC011', N'LT002')
GO
SET IDENTITY_INSERT [dbo].[GHE] ON 

GO
INSERT [dbo].[GHE] ([ID_GHE], [VI_TRI_NGOI], [MA_LICH_TRINH], [TRANG_THAI]) VALUES (1, N'A1', N'LT001', N'Trống')
GO
INSERT [dbo].[GHE] ([ID_GHE], [VI_TRI_NGOI], [MA_LICH_TRINH], [TRANG_THAI]) VALUES (2, N'A2', N'LT001', N'Trống')
GO
INSERT [dbo].[GHE] ([ID_GHE], [VI_TRI_NGOI], [MA_LICH_TRINH], [TRANG_THAI]) VALUES (3, N'A3', N'LT001', N'Trống')
GO
INSERT [dbo].[GHE] ([ID_GHE], [VI_TRI_NGOI], [MA_LICH_TRINH], [TRANG_THAI]) VALUES (4, N'A4', N'LT001', N'Trống')
GO
INSERT [dbo].[GHE] ([ID_GHE], [VI_TRI_NGOI], [MA_LICH_TRINH], [TRANG_THAI]) VALUES (5, N'A5', N'LT001', N'Trống')
GO
INSERT [dbo].[GHE] ([ID_GHE], [VI_TRI_NGOI], [MA_LICH_TRINH], [TRANG_THAI]) VALUES (6, N'A6', N'LT001', N'Trống')
GO
INSERT [dbo].[GHE] ([ID_GHE], [VI_TRI_NGOI], [MA_LICH_TRINH], [TRANG_THAI]) VALUES (7, N'A7', N'LT001', N'Trống')
GO
INSERT [dbo].[GHE] ([ID_GHE], [VI_TRI_NGOI], [MA_LICH_TRINH], [TRANG_THAI]) VALUES (8, N'A8', N'LT001', N'Trống')
GO
INSERT [dbo].[GHE] ([ID_GHE], [VI_TRI_NGOI], [MA_LICH_TRINH], [TRANG_THAI]) VALUES (9, N'A9', N'LT001', N'Trống')
GO
INSERT [dbo].[GHE] ([ID_GHE], [VI_TRI_NGOI], [MA_LICH_TRINH], [TRANG_THAI]) VALUES (10, N'A10', N'LT001', N'Trống')
GO
INSERT [dbo].[GHE] ([ID_GHE], [VI_TRI_NGOI], [MA_LICH_TRINH], [TRANG_THAI]) VALUES (11, N'B1', N'LT001', N'Trống')
GO
INSERT [dbo].[GHE] ([ID_GHE], [VI_TRI_NGOI], [MA_LICH_TRINH], [TRANG_THAI]) VALUES (12, N'B2', N'LT001', N'Trống')
GO
INSERT [dbo].[GHE] ([ID_GHE], [VI_TRI_NGOI], [MA_LICH_TRINH], [TRANG_THAI]) VALUES (13, N'B3', N'LT001', N'Trống')
GO
INSERT [dbo].[GHE] ([ID_GHE], [VI_TRI_NGOI], [MA_LICH_TRINH], [TRANG_THAI]) VALUES (14, N'B4', N'LT001', N'Trống')
GO
INSERT [dbo].[GHE] ([ID_GHE], [VI_TRI_NGOI], [MA_LICH_TRINH], [TRANG_THAI]) VALUES (15, N'B5', N'LT001', N'Trống')
GO
INSERT [dbo].[GHE] ([ID_GHE], [VI_TRI_NGOI], [MA_LICH_TRINH], [TRANG_THAI]) VALUES (16, N'B6', N'LT001', N'Trống')
GO
INSERT [dbo].[GHE] ([ID_GHE], [VI_TRI_NGOI], [MA_LICH_TRINH], [TRANG_THAI]) VALUES (17, N'B7', N'LT001', N'Trống')
GO
INSERT [dbo].[GHE] ([ID_GHE], [VI_TRI_NGOI], [MA_LICH_TRINH], [TRANG_THAI]) VALUES (18, N'B8', N'LT001', N'Trống')
GO
INSERT [dbo].[GHE] ([ID_GHE], [VI_TRI_NGOI], [MA_LICH_TRINH], [TRANG_THAI]) VALUES (19, N'B9', N'LT001', N'Trống')
GO
INSERT [dbo].[GHE] ([ID_GHE], [VI_TRI_NGOI], [MA_LICH_TRINH], [TRANG_THAI]) VALUES (20, N'B10', N'LT001', N'Trống')
GO
INSERT [dbo].[GHE] ([ID_GHE], [VI_TRI_NGOI], [MA_LICH_TRINH], [TRANG_THAI]) VALUES (21, N'A1', N'LT002', N'Trống')
GO
INSERT [dbo].[GHE] ([ID_GHE], [VI_TRI_NGOI], [MA_LICH_TRINH], [TRANG_THAI]) VALUES (22, N'A2', N'LT002', N'Trống')
GO
INSERT [dbo].[GHE] ([ID_GHE], [VI_TRI_NGOI], [MA_LICH_TRINH], [TRANG_THAI]) VALUES (23, N'A3', N'LT002', N'Trống')
GO
INSERT [dbo].[GHE] ([ID_GHE], [VI_TRI_NGOI], [MA_LICH_TRINH], [TRANG_THAI]) VALUES (24, N'A4', N'LT002', N'Trống')
GO
INSERT [dbo].[GHE] ([ID_GHE], [VI_TRI_NGOI], [MA_LICH_TRINH], [TRANG_THAI]) VALUES (25, N'A5', N'LT002', N'Trống')
GO
INSERT [dbo].[GHE] ([ID_GHE], [VI_TRI_NGOI], [MA_LICH_TRINH], [TRANG_THAI]) VALUES (26, N'A6', N'LT002', N'Trống')
GO
INSERT [dbo].[GHE] ([ID_GHE], [VI_TRI_NGOI], [MA_LICH_TRINH], [TRANG_THAI]) VALUES (27, N'A7', N'LT002', N'Trống')
GO
INSERT [dbo].[GHE] ([ID_GHE], [VI_TRI_NGOI], [MA_LICH_TRINH], [TRANG_THAI]) VALUES (28, N'A8', N'LT002', N'Trống')
GO
INSERT [dbo].[GHE] ([ID_GHE], [VI_TRI_NGOI], [MA_LICH_TRINH], [TRANG_THAI]) VALUES (29, N'A9', N'LT002', N'Trống')
GO
INSERT [dbo].[GHE] ([ID_GHE], [VI_TRI_NGOI], [MA_LICH_TRINH], [TRANG_THAI]) VALUES (30, N'A10', N'LT002', N'Trống')
GO
INSERT [dbo].[GHE] ([ID_GHE], [VI_TRI_NGOI], [MA_LICH_TRINH], [TRANG_THAI]) VALUES (31, N'A11', N'LT002', N'Trống')
GO
INSERT [dbo].[GHE] ([ID_GHE], [VI_TRI_NGOI], [MA_LICH_TRINH], [TRANG_THAI]) VALUES (32, N'A12', N'LT002', N'Trống')
GO
INSERT [dbo].[GHE] ([ID_GHE], [VI_TRI_NGOI], [MA_LICH_TRINH], [TRANG_THAI]) VALUES (33, N'B1', N'LT002', N'Trống')
GO
INSERT [dbo].[GHE] ([ID_GHE], [VI_TRI_NGOI], [MA_LICH_TRINH], [TRANG_THAI]) VALUES (34, N'B2', N'LT002', N'Trống')
GO
INSERT [dbo].[GHE] ([ID_GHE], [VI_TRI_NGOI], [MA_LICH_TRINH], [TRANG_THAI]) VALUES (35, N'B3', N'LT002', N'Trống')
GO
INSERT [dbo].[GHE] ([ID_GHE], [VI_TRI_NGOI], [MA_LICH_TRINH], [TRANG_THAI]) VALUES (36, N'B4', N'LT002', N'Trống')
GO
INSERT [dbo].[GHE] ([ID_GHE], [VI_TRI_NGOI], [MA_LICH_TRINH], [TRANG_THAI]) VALUES (37, N'B5', N'LT002', N'Trống')
GO
INSERT [dbo].[GHE] ([ID_GHE], [VI_TRI_NGOI], [MA_LICH_TRINH], [TRANG_THAI]) VALUES (38, N'B6', N'LT002', N'Trống')
GO
INSERT [dbo].[GHE] ([ID_GHE], [VI_TRI_NGOI], [MA_LICH_TRINH], [TRANG_THAI]) VALUES (39, N'B7', N'LT002', N'Trống')
GO
INSERT [dbo].[GHE] ([ID_GHE], [VI_TRI_NGOI], [MA_LICH_TRINH], [TRANG_THAI]) VALUES (40, N'B8', N'LT002', N'Trống')
GO
INSERT [dbo].[GHE] ([ID_GHE], [VI_TRI_NGOI], [MA_LICH_TRINH], [TRANG_THAI]) VALUES (41, N'B9', N'LT002', N'Trống')
GO
INSERT [dbo].[GHE] ([ID_GHE], [VI_TRI_NGOI], [MA_LICH_TRINH], [TRANG_THAI]) VALUES (42, N'B10', N'LT002', N'Trống')
GO
INSERT [dbo].[GHE] ([ID_GHE], [VI_TRI_NGOI], [MA_LICH_TRINH], [TRANG_THAI]) VALUES (43, N'C1', N'LT002', N'Trống')
GO
INSERT [dbo].[GHE] ([ID_GHE], [VI_TRI_NGOI], [MA_LICH_TRINH], [TRANG_THAI]) VALUES (44, N'C2', N'LT002', N'Trống')
GO
INSERT [dbo].[GHE] ([ID_GHE], [VI_TRI_NGOI], [MA_LICH_TRINH], [TRANG_THAI]) VALUES (45, N'C3', N'LT002', N'Trống')
GO
INSERT [dbo].[GHE] ([ID_GHE], [VI_TRI_NGOI], [MA_LICH_TRINH], [TRANG_THAI]) VALUES (46, N'C4', N'LT002', N'Trống')
GO
INSERT [dbo].[GHE] ([ID_GHE], [VI_TRI_NGOI], [MA_LICH_TRINH], [TRANG_THAI]) VALUES (47, N'C5', N'LT002', N'Trống')
GO
INSERT [dbo].[GHE] ([ID_GHE], [VI_TRI_NGOI], [MA_LICH_TRINH], [TRANG_THAI]) VALUES (48, N'C6', N'LT002', N'Trống')
GO
INSERT [dbo].[GHE] ([ID_GHE], [VI_TRI_NGOI], [MA_LICH_TRINH], [TRANG_THAI]) VALUES (49, N'C7', N'LT002', N'Trống')
GO
INSERT [dbo].[GHE] ([ID_GHE], [VI_TRI_NGOI], [MA_LICH_TRINH], [TRANG_THAI]) VALUES (50, N'C8', N'LT002', N'Trống')
GO
INSERT [dbo].[GHE] ([ID_GHE], [VI_TRI_NGOI], [MA_LICH_TRINH], [TRANG_THAI]) VALUES (51, N'C9', N'LT002', N'Trống')
GO
INSERT [dbo].[GHE] ([ID_GHE], [VI_TRI_NGOI], [MA_LICH_TRINH], [TRANG_THAI]) VALUES (52, N'C10', N'LT002', N'Trống')
GO
INSERT [dbo].[GHE] ([ID_GHE], [VI_TRI_NGOI], [MA_LICH_TRINH], [TRANG_THAI]) VALUES (53, N'C11', N'LT002', N'Trống')
GO
INSERT [dbo].[GHE] ([ID_GHE], [VI_TRI_NGOI], [MA_LICH_TRINH], [TRANG_THAI]) VALUES (54, N'C12', N'LT002', N'Trống')
GO
INSERT [dbo].[GHE] ([ID_GHE], [VI_TRI_NGOI], [MA_LICH_TRINH], [TRANG_THAI]) VALUES (55, N'A1', N'LT003', N'Đã đặt')
GO
INSERT [dbo].[GHE] ([ID_GHE], [VI_TRI_NGOI], [MA_LICH_TRINH], [TRANG_THAI]) VALUES (56, N'A2', N'LT003', N'Trống')
GO
INSERT [dbo].[GHE] ([ID_GHE], [VI_TRI_NGOI], [MA_LICH_TRINH], [TRANG_THAI]) VALUES (57, N'A3', N'LT003', N'Trống')
GO
INSERT [dbo].[GHE] ([ID_GHE], [VI_TRI_NGOI], [MA_LICH_TRINH], [TRANG_THAI]) VALUES (58, N'A4', N'LT003', N'Trống')
GO
INSERT [dbo].[GHE] ([ID_GHE], [VI_TRI_NGOI], [MA_LICH_TRINH], [TRANG_THAI]) VALUES (59, N'A5', N'LT003', N'Trống')
GO
INSERT [dbo].[GHE] ([ID_GHE], [VI_TRI_NGOI], [MA_LICH_TRINH], [TRANG_THAI]) VALUES (60, N'A6', N'LT003', N'Trống')
GO
INSERT [dbo].[GHE] ([ID_GHE], [VI_TRI_NGOI], [MA_LICH_TRINH], [TRANG_THAI]) VALUES (61, N'A7', N'LT003', N'Trống')
GO
INSERT [dbo].[GHE] ([ID_GHE], [VI_TRI_NGOI], [MA_LICH_TRINH], [TRANG_THAI]) VALUES (62, N'A8', N'LT003', N'Trống')
GO
INSERT [dbo].[GHE] ([ID_GHE], [VI_TRI_NGOI], [MA_LICH_TRINH], [TRANG_THAI]) VALUES (63, N'A9', N'LT003', N'Trống')
GO
INSERT [dbo].[GHE] ([ID_GHE], [VI_TRI_NGOI], [MA_LICH_TRINH], [TRANG_THAI]) VALUES (64, N'A10', N'LT003', N'Trống')
GO
INSERT [dbo].[GHE] ([ID_GHE], [VI_TRI_NGOI], [MA_LICH_TRINH], [TRANG_THAI]) VALUES (65, N'B1', N'LT003', N'Đã đặt')
GO
INSERT [dbo].[GHE] ([ID_GHE], [VI_TRI_NGOI], [MA_LICH_TRINH], [TRANG_THAI]) VALUES (66, N'B2', N'LT003', N'Trống')
GO
INSERT [dbo].[GHE] ([ID_GHE], [VI_TRI_NGOI], [MA_LICH_TRINH], [TRANG_THAI]) VALUES (67, N'B3', N'LT003', N'Trống')
GO
INSERT [dbo].[GHE] ([ID_GHE], [VI_TRI_NGOI], [MA_LICH_TRINH], [TRANG_THAI]) VALUES (68, N'B4', N'LT003', N'Trống')
GO
INSERT [dbo].[GHE] ([ID_GHE], [VI_TRI_NGOI], [MA_LICH_TRINH], [TRANG_THAI]) VALUES (69, N'B5', N'LT003', N'Trống')
GO
INSERT [dbo].[GHE] ([ID_GHE], [VI_TRI_NGOI], [MA_LICH_TRINH], [TRANG_THAI]) VALUES (70, N'B6', N'LT003', N'Trống')
GO
INSERT [dbo].[GHE] ([ID_GHE], [VI_TRI_NGOI], [MA_LICH_TRINH], [TRANG_THAI]) VALUES (71, N'B7', N'LT003', N'Trống')
GO
INSERT [dbo].[GHE] ([ID_GHE], [VI_TRI_NGOI], [MA_LICH_TRINH], [TRANG_THAI]) VALUES (72, N'B8', N'LT003', N'Trống')
GO
INSERT [dbo].[GHE] ([ID_GHE], [VI_TRI_NGOI], [MA_LICH_TRINH], [TRANG_THAI]) VALUES (73, N'B9', N'LT003', N'Trống')
GO
INSERT [dbo].[GHE] ([ID_GHE], [VI_TRI_NGOI], [MA_LICH_TRINH], [TRANG_THAI]) VALUES (74, N'B10', N'LT003', N'Trống')
GO
INSERT [dbo].[GHE] ([ID_GHE], [VI_TRI_NGOI], [MA_LICH_TRINH], [TRANG_THAI]) VALUES (75, N'A1', N'LT004', N'Trống')
GO
INSERT [dbo].[GHE] ([ID_GHE], [VI_TRI_NGOI], [MA_LICH_TRINH], [TRANG_THAI]) VALUES (76, N'A2', N'LT004', N'Trống')
GO
INSERT [dbo].[GHE] ([ID_GHE], [VI_TRI_NGOI], [MA_LICH_TRINH], [TRANG_THAI]) VALUES (77, N'A3', N'LT004', N'Trống')
GO
INSERT [dbo].[GHE] ([ID_GHE], [VI_TRI_NGOI], [MA_LICH_TRINH], [TRANG_THAI]) VALUES (78, N'A4', N'LT004', N'Trống')
GO
INSERT [dbo].[GHE] ([ID_GHE], [VI_TRI_NGOI], [MA_LICH_TRINH], [TRANG_THAI]) VALUES (79, N'A5', N'LT004', N'Trống')
GO
INSERT [dbo].[GHE] ([ID_GHE], [VI_TRI_NGOI], [MA_LICH_TRINH], [TRANG_THAI]) VALUES (80, N'A6', N'LT004', N'Trống')
GO
INSERT [dbo].[GHE] ([ID_GHE], [VI_TRI_NGOI], [MA_LICH_TRINH], [TRANG_THAI]) VALUES (81, N'A7', N'LT004', N'Trống')
GO
INSERT [dbo].[GHE] ([ID_GHE], [VI_TRI_NGOI], [MA_LICH_TRINH], [TRANG_THAI]) VALUES (82, N'A8', N'LT004', N'Trống')
GO
INSERT [dbo].[GHE] ([ID_GHE], [VI_TRI_NGOI], [MA_LICH_TRINH], [TRANG_THAI]) VALUES (83, N'A9', N'LT004', N'Trống')
GO
INSERT [dbo].[GHE] ([ID_GHE], [VI_TRI_NGOI], [MA_LICH_TRINH], [TRANG_THAI]) VALUES (84, N'A10', N'LT004', N'Trống')
GO
INSERT [dbo].[GHE] ([ID_GHE], [VI_TRI_NGOI], [MA_LICH_TRINH], [TRANG_THAI]) VALUES (85, N'A11', N'LT004', N'Trống')
GO
INSERT [dbo].[GHE] ([ID_GHE], [VI_TRI_NGOI], [MA_LICH_TRINH], [TRANG_THAI]) VALUES (86, N'A12', N'LT004', N'Trống')
GO
INSERT [dbo].[GHE] ([ID_GHE], [VI_TRI_NGOI], [MA_LICH_TRINH], [TRANG_THAI]) VALUES (87, N'B1', N'LT004', N'Trống')
GO
INSERT [dbo].[GHE] ([ID_GHE], [VI_TRI_NGOI], [MA_LICH_TRINH], [TRANG_THAI]) VALUES (88, N'B2', N'LT004', N'Trống')
GO
INSERT [dbo].[GHE] ([ID_GHE], [VI_TRI_NGOI], [MA_LICH_TRINH], [TRANG_THAI]) VALUES (89, N'B3', N'LT004', N'Trống')
GO
INSERT [dbo].[GHE] ([ID_GHE], [VI_TRI_NGOI], [MA_LICH_TRINH], [TRANG_THAI]) VALUES (90, N'B4', N'LT004', N'Trống')
GO
INSERT [dbo].[GHE] ([ID_GHE], [VI_TRI_NGOI], [MA_LICH_TRINH], [TRANG_THAI]) VALUES (91, N'B5', N'LT004', N'Trống')
GO
INSERT [dbo].[GHE] ([ID_GHE], [VI_TRI_NGOI], [MA_LICH_TRINH], [TRANG_THAI]) VALUES (92, N'B6', N'LT004', N'Trống')
GO
INSERT [dbo].[GHE] ([ID_GHE], [VI_TRI_NGOI], [MA_LICH_TRINH], [TRANG_THAI]) VALUES (93, N'B7', N'LT004', N'Trống')
GO
INSERT [dbo].[GHE] ([ID_GHE], [VI_TRI_NGOI], [MA_LICH_TRINH], [TRANG_THAI]) VALUES (94, N'B8', N'LT004', N'Trống')
GO
INSERT [dbo].[GHE] ([ID_GHE], [VI_TRI_NGOI], [MA_LICH_TRINH], [TRANG_THAI]) VALUES (95, N'B9', N'LT004', N'Trống')
GO
INSERT [dbo].[GHE] ([ID_GHE], [VI_TRI_NGOI], [MA_LICH_TRINH], [TRANG_THAI]) VALUES (96, N'B10', N'LT004', N'Trống')
GO
INSERT [dbo].[GHE] ([ID_GHE], [VI_TRI_NGOI], [MA_LICH_TRINH], [TRANG_THAI]) VALUES (97, N'C1', N'LT004', N'Trống')
GO
INSERT [dbo].[GHE] ([ID_GHE], [VI_TRI_NGOI], [MA_LICH_TRINH], [TRANG_THAI]) VALUES (98, N'C2', N'LT004', N'Trống')
GO
INSERT [dbo].[GHE] ([ID_GHE], [VI_TRI_NGOI], [MA_LICH_TRINH], [TRANG_THAI]) VALUES (99, N'C3', N'LT004', N'Trống')
GO
INSERT [dbo].[GHE] ([ID_GHE], [VI_TRI_NGOI], [MA_LICH_TRINH], [TRANG_THAI]) VALUES (100, N'C4', N'LT004', N'Trống')
GO
INSERT [dbo].[GHE] ([ID_GHE], [VI_TRI_NGOI], [MA_LICH_TRINH], [TRANG_THAI]) VALUES (101, N'C5', N'LT004', N'Trống')
GO
INSERT [dbo].[GHE] ([ID_GHE], [VI_TRI_NGOI], [MA_LICH_TRINH], [TRANG_THAI]) VALUES (102, N'C6', N'LT004', N'Trống')
GO
INSERT [dbo].[GHE] ([ID_GHE], [VI_TRI_NGOI], [MA_LICH_TRINH], [TRANG_THAI]) VALUES (103, N'C7', N'LT004', N'Trống')
GO
INSERT [dbo].[GHE] ([ID_GHE], [VI_TRI_NGOI], [MA_LICH_TRINH], [TRANG_THAI]) VALUES (104, N'C8', N'LT004', N'Trống')
GO
INSERT [dbo].[GHE] ([ID_GHE], [VI_TRI_NGOI], [MA_LICH_TRINH], [TRANG_THAI]) VALUES (105, N'C9', N'LT004', N'Trống')
GO
INSERT [dbo].[GHE] ([ID_GHE], [VI_TRI_NGOI], [MA_LICH_TRINH], [TRANG_THAI]) VALUES (106, N'C10', N'LT004', N'Trống')
GO
INSERT [dbo].[GHE] ([ID_GHE], [VI_TRI_NGOI], [MA_LICH_TRINH], [TRANG_THAI]) VALUES (107, N'C11', N'LT004', N'Trống')
GO
INSERT [dbo].[GHE] ([ID_GHE], [VI_TRI_NGOI], [MA_LICH_TRINH], [TRANG_THAI]) VALUES (108, N'C12', N'LT004', N'Trống')
GO
INSERT [dbo].[GHE] ([ID_GHE], [VI_TRI_NGOI], [MA_LICH_TRINH], [TRANG_THAI]) VALUES (109, N'A1', N'LT006', N'Trống')
GO
INSERT [dbo].[GHE] ([ID_GHE], [VI_TRI_NGOI], [MA_LICH_TRINH], [TRANG_THAI]) VALUES (110, N'A2', N'LT006', N'Trống')
GO
INSERT [dbo].[GHE] ([ID_GHE], [VI_TRI_NGOI], [MA_LICH_TRINH], [TRANG_THAI]) VALUES (111, N'A3', N'LT006', N'Trống')
GO
INSERT [dbo].[GHE] ([ID_GHE], [VI_TRI_NGOI], [MA_LICH_TRINH], [TRANG_THAI]) VALUES (112, N'A4', N'LT006', N'Trống')
GO
INSERT [dbo].[GHE] ([ID_GHE], [VI_TRI_NGOI], [MA_LICH_TRINH], [TRANG_THAI]) VALUES (113, N'A5', N'LT006', N'Trống')
GO
INSERT [dbo].[GHE] ([ID_GHE], [VI_TRI_NGOI], [MA_LICH_TRINH], [TRANG_THAI]) VALUES (114, N'A6', N'LT006', N'Trống')
GO
INSERT [dbo].[GHE] ([ID_GHE], [VI_TRI_NGOI], [MA_LICH_TRINH], [TRANG_THAI]) VALUES (115, N'A7', N'LT006', N'Trống')
GO
INSERT [dbo].[GHE] ([ID_GHE], [VI_TRI_NGOI], [MA_LICH_TRINH], [TRANG_THAI]) VALUES (116, N'A8', N'LT006', N'Trống')
GO
INSERT [dbo].[GHE] ([ID_GHE], [VI_TRI_NGOI], [MA_LICH_TRINH], [TRANG_THAI]) VALUES (117, N'A9', N'LT006', N'Trống')
GO
INSERT [dbo].[GHE] ([ID_GHE], [VI_TRI_NGOI], [MA_LICH_TRINH], [TRANG_THAI]) VALUES (118, N'A10', N'LT006', N'Trống')
GO
INSERT [dbo].[GHE] ([ID_GHE], [VI_TRI_NGOI], [MA_LICH_TRINH], [TRANG_THAI]) VALUES (119, N'B1', N'LT006', N'Trống')
GO
INSERT [dbo].[GHE] ([ID_GHE], [VI_TRI_NGOI], [MA_LICH_TRINH], [TRANG_THAI]) VALUES (120, N'B2', N'LT006', N'Trống')
GO
INSERT [dbo].[GHE] ([ID_GHE], [VI_TRI_NGOI], [MA_LICH_TRINH], [TRANG_THAI]) VALUES (121, N'B3', N'LT006', N'Trống')
GO
INSERT [dbo].[GHE] ([ID_GHE], [VI_TRI_NGOI], [MA_LICH_TRINH], [TRANG_THAI]) VALUES (122, N'B4', N'LT006', N'Trống')
GO
INSERT [dbo].[GHE] ([ID_GHE], [VI_TRI_NGOI], [MA_LICH_TRINH], [TRANG_THAI]) VALUES (123, N'B5', N'LT006', N'Trống')
GO
INSERT [dbo].[GHE] ([ID_GHE], [VI_TRI_NGOI], [MA_LICH_TRINH], [TRANG_THAI]) VALUES (124, N'B6', N'LT006', N'Trống')
GO
INSERT [dbo].[GHE] ([ID_GHE], [VI_TRI_NGOI], [MA_LICH_TRINH], [TRANG_THAI]) VALUES (125, N'B7', N'LT006', N'Trống')
GO
INSERT [dbo].[GHE] ([ID_GHE], [VI_TRI_NGOI], [MA_LICH_TRINH], [TRANG_THAI]) VALUES (126, N'B8', N'LT006', N'Trống')
GO
INSERT [dbo].[GHE] ([ID_GHE], [VI_TRI_NGOI], [MA_LICH_TRINH], [TRANG_THAI]) VALUES (127, N'B9', N'LT006', N'Trống')
GO
INSERT [dbo].[GHE] ([ID_GHE], [VI_TRI_NGOI], [MA_LICH_TRINH], [TRANG_THAI]) VALUES (128, N'B10', N'LT006', N'Trống')
GO
INSERT [dbo].[GHE] ([ID_GHE], [VI_TRI_NGOI], [MA_LICH_TRINH], [TRANG_THAI]) VALUES (129, N'A1', N'LT007', N'Trống')
GO
INSERT [dbo].[GHE] ([ID_GHE], [VI_TRI_NGOI], [MA_LICH_TRINH], [TRANG_THAI]) VALUES (130, N'A2', N'LT007', N'Trống')
GO
INSERT [dbo].[GHE] ([ID_GHE], [VI_TRI_NGOI], [MA_LICH_TRINH], [TRANG_THAI]) VALUES (131, N'A3', N'LT007', N'Trống')
GO
INSERT [dbo].[GHE] ([ID_GHE], [VI_TRI_NGOI], [MA_LICH_TRINH], [TRANG_THAI]) VALUES (132, N'A4', N'LT007', N'Trống')
GO
INSERT [dbo].[GHE] ([ID_GHE], [VI_TRI_NGOI], [MA_LICH_TRINH], [TRANG_THAI]) VALUES (133, N'A5', N'LT007', N'Trống')
GO
INSERT [dbo].[GHE] ([ID_GHE], [VI_TRI_NGOI], [MA_LICH_TRINH], [TRANG_THAI]) VALUES (134, N'A6', N'LT007', N'Trống')
GO
INSERT [dbo].[GHE] ([ID_GHE], [VI_TRI_NGOI], [MA_LICH_TRINH], [TRANG_THAI]) VALUES (135, N'A7', N'LT007', N'Trống')
GO
INSERT [dbo].[GHE] ([ID_GHE], [VI_TRI_NGOI], [MA_LICH_TRINH], [TRANG_THAI]) VALUES (136, N'A8', N'LT007', N'Trống')
GO
INSERT [dbo].[GHE] ([ID_GHE], [VI_TRI_NGOI], [MA_LICH_TRINH], [TRANG_THAI]) VALUES (137, N'A9', N'LT007', N'Trống')
GO
INSERT [dbo].[GHE] ([ID_GHE], [VI_TRI_NGOI], [MA_LICH_TRINH], [TRANG_THAI]) VALUES (138, N'A10', N'LT007', N'Trống')
GO
INSERT [dbo].[GHE] ([ID_GHE], [VI_TRI_NGOI], [MA_LICH_TRINH], [TRANG_THAI]) VALUES (139, N'B1', N'LT007', N'Trống')
GO
INSERT [dbo].[GHE] ([ID_GHE], [VI_TRI_NGOI], [MA_LICH_TRINH], [TRANG_THAI]) VALUES (140, N'B2', N'LT007', N'Trống')
GO
INSERT [dbo].[GHE] ([ID_GHE], [VI_TRI_NGOI], [MA_LICH_TRINH], [TRANG_THAI]) VALUES (141, N'B3', N'LT007', N'Trống')
GO
INSERT [dbo].[GHE] ([ID_GHE], [VI_TRI_NGOI], [MA_LICH_TRINH], [TRANG_THAI]) VALUES (142, N'B4', N'LT007', N'Trống')
GO
INSERT [dbo].[GHE] ([ID_GHE], [VI_TRI_NGOI], [MA_LICH_TRINH], [TRANG_THAI]) VALUES (143, N'B5', N'LT007', N'Trống')
GO
INSERT [dbo].[GHE] ([ID_GHE], [VI_TRI_NGOI], [MA_LICH_TRINH], [TRANG_THAI]) VALUES (144, N'B6', N'LT007', N'Trống')
GO
INSERT [dbo].[GHE] ([ID_GHE], [VI_TRI_NGOI], [MA_LICH_TRINH], [TRANG_THAI]) VALUES (145, N'B7', N'LT007', N'Trống')
GO
INSERT [dbo].[GHE] ([ID_GHE], [VI_TRI_NGOI], [MA_LICH_TRINH], [TRANG_THAI]) VALUES (146, N'B8', N'LT007', N'Trống')
GO
INSERT [dbo].[GHE] ([ID_GHE], [VI_TRI_NGOI], [MA_LICH_TRINH], [TRANG_THAI]) VALUES (147, N'B9', N'LT007', N'Trống')
GO
INSERT [dbo].[GHE] ([ID_GHE], [VI_TRI_NGOI], [MA_LICH_TRINH], [TRANG_THAI]) VALUES (148, N'B10', N'LT007', N'Trống')
GO
INSERT [dbo].[GHE] ([ID_GHE], [VI_TRI_NGOI], [MA_LICH_TRINH], [TRANG_THAI]) VALUES (149, N'A1', N'LT008', N'Trống')
GO
INSERT [dbo].[GHE] ([ID_GHE], [VI_TRI_NGOI], [MA_LICH_TRINH], [TRANG_THAI]) VALUES (150, N'A2', N'LT008', N'Trống')
GO
INSERT [dbo].[GHE] ([ID_GHE], [VI_TRI_NGOI], [MA_LICH_TRINH], [TRANG_THAI]) VALUES (151, N'A3', N'LT008', N'Trống')
GO
INSERT [dbo].[GHE] ([ID_GHE], [VI_TRI_NGOI], [MA_LICH_TRINH], [TRANG_THAI]) VALUES (152, N'A4', N'LT008', N'Trống')
GO
INSERT [dbo].[GHE] ([ID_GHE], [VI_TRI_NGOI], [MA_LICH_TRINH], [TRANG_THAI]) VALUES (153, N'A5', N'LT008', N'Trống')
GO
INSERT [dbo].[GHE] ([ID_GHE], [VI_TRI_NGOI], [MA_LICH_TRINH], [TRANG_THAI]) VALUES (154, N'A6', N'LT008', N'Trống')
GO
INSERT [dbo].[GHE] ([ID_GHE], [VI_TRI_NGOI], [MA_LICH_TRINH], [TRANG_THAI]) VALUES (155, N'A7', N'LT008', N'Trống')
GO
INSERT [dbo].[GHE] ([ID_GHE], [VI_TRI_NGOI], [MA_LICH_TRINH], [TRANG_THAI]) VALUES (156, N'A8', N'LT008', N'Trống')
GO
INSERT [dbo].[GHE] ([ID_GHE], [VI_TRI_NGOI], [MA_LICH_TRINH], [TRANG_THAI]) VALUES (157, N'A9', N'LT008', N'Trống')
GO
INSERT [dbo].[GHE] ([ID_GHE], [VI_TRI_NGOI], [MA_LICH_TRINH], [TRANG_THAI]) VALUES (158, N'A10', N'LT008', N'Trống')
GO
INSERT [dbo].[GHE] ([ID_GHE], [VI_TRI_NGOI], [MA_LICH_TRINH], [TRANG_THAI]) VALUES (159, N'B1', N'LT008', N'Trống')
GO
INSERT [dbo].[GHE] ([ID_GHE], [VI_TRI_NGOI], [MA_LICH_TRINH], [TRANG_THAI]) VALUES (160, N'B2', N'LT008', N'Trống')
GO
INSERT [dbo].[GHE] ([ID_GHE], [VI_TRI_NGOI], [MA_LICH_TRINH], [TRANG_THAI]) VALUES (161, N'B3', N'LT008', N'Trống')
GO
INSERT [dbo].[GHE] ([ID_GHE], [VI_TRI_NGOI], [MA_LICH_TRINH], [TRANG_THAI]) VALUES (162, N'B4', N'LT008', N'Trống')
GO
INSERT [dbo].[GHE] ([ID_GHE], [VI_TRI_NGOI], [MA_LICH_TRINH], [TRANG_THAI]) VALUES (163, N'B5', N'LT008', N'Trống')
GO
INSERT [dbo].[GHE] ([ID_GHE], [VI_TRI_NGOI], [MA_LICH_TRINH], [TRANG_THAI]) VALUES (164, N'B6', N'LT008', N'Trống')
GO
INSERT [dbo].[GHE] ([ID_GHE], [VI_TRI_NGOI], [MA_LICH_TRINH], [TRANG_THAI]) VALUES (165, N'B7', N'LT008', N'Trống')
GO
INSERT [dbo].[GHE] ([ID_GHE], [VI_TRI_NGOI], [MA_LICH_TRINH], [TRANG_THAI]) VALUES (166, N'B8', N'LT008', N'Trống')
GO
INSERT [dbo].[GHE] ([ID_GHE], [VI_TRI_NGOI], [MA_LICH_TRINH], [TRANG_THAI]) VALUES (167, N'B9', N'LT008', N'Trống')
GO
INSERT [dbo].[GHE] ([ID_GHE], [VI_TRI_NGOI], [MA_LICH_TRINH], [TRANG_THAI]) VALUES (168, N'B10', N'LT008', N'Trống')
GO
INSERT [dbo].[GHE] ([ID_GHE], [VI_TRI_NGOI], [MA_LICH_TRINH], [TRANG_THAI]) VALUES (169, N'A1', N'LT009', N'Trống')
GO
INSERT [dbo].[GHE] ([ID_GHE], [VI_TRI_NGOI], [MA_LICH_TRINH], [TRANG_THAI]) VALUES (170, N'A2', N'LT009', N'Trống')
GO
INSERT [dbo].[GHE] ([ID_GHE], [VI_TRI_NGOI], [MA_LICH_TRINH], [TRANG_THAI]) VALUES (171, N'A3', N'LT009', N'Trống')
GO
INSERT [dbo].[GHE] ([ID_GHE], [VI_TRI_NGOI], [MA_LICH_TRINH], [TRANG_THAI]) VALUES (172, N'A4', N'LT009', N'Trống')
GO
INSERT [dbo].[GHE] ([ID_GHE], [VI_TRI_NGOI], [MA_LICH_TRINH], [TRANG_THAI]) VALUES (173, N'A5', N'LT009', N'Trống')
GO
INSERT [dbo].[GHE] ([ID_GHE], [VI_TRI_NGOI], [MA_LICH_TRINH], [TRANG_THAI]) VALUES (174, N'A6', N'LT009', N'Trống')
GO
INSERT [dbo].[GHE] ([ID_GHE], [VI_TRI_NGOI], [MA_LICH_TRINH], [TRANG_THAI]) VALUES (175, N'A7', N'LT009', N'Trống')
GO
INSERT [dbo].[GHE] ([ID_GHE], [VI_TRI_NGOI], [MA_LICH_TRINH], [TRANG_THAI]) VALUES (176, N'A8', N'LT009', N'Trống')
GO
INSERT [dbo].[GHE] ([ID_GHE], [VI_TRI_NGOI], [MA_LICH_TRINH], [TRANG_THAI]) VALUES (177, N'A9', N'LT009', N'Trống')
GO
INSERT [dbo].[GHE] ([ID_GHE], [VI_TRI_NGOI], [MA_LICH_TRINH], [TRANG_THAI]) VALUES (178, N'A10', N'LT009', N'Trống')
GO
INSERT [dbo].[GHE] ([ID_GHE], [VI_TRI_NGOI], [MA_LICH_TRINH], [TRANG_THAI]) VALUES (179, N'B1', N'LT009', N'Trống')
GO
INSERT [dbo].[GHE] ([ID_GHE], [VI_TRI_NGOI], [MA_LICH_TRINH], [TRANG_THAI]) VALUES (180, N'B2', N'LT009', N'Trống')
GO
INSERT [dbo].[GHE] ([ID_GHE], [VI_TRI_NGOI], [MA_LICH_TRINH], [TRANG_THAI]) VALUES (181, N'B3', N'LT009', N'Trống')
GO
INSERT [dbo].[GHE] ([ID_GHE], [VI_TRI_NGOI], [MA_LICH_TRINH], [TRANG_THAI]) VALUES (182, N'B4', N'LT009', N'Trống')
GO
INSERT [dbo].[GHE] ([ID_GHE], [VI_TRI_NGOI], [MA_LICH_TRINH], [TRANG_THAI]) VALUES (183, N'B5', N'LT009', N'Trống')
GO
INSERT [dbo].[GHE] ([ID_GHE], [VI_TRI_NGOI], [MA_LICH_TRINH], [TRANG_THAI]) VALUES (184, N'B6', N'LT009', N'Trống')
GO
INSERT [dbo].[GHE] ([ID_GHE], [VI_TRI_NGOI], [MA_LICH_TRINH], [TRANG_THAI]) VALUES (185, N'B7', N'LT009', N'Trống')
GO
INSERT [dbo].[GHE] ([ID_GHE], [VI_TRI_NGOI], [MA_LICH_TRINH], [TRANG_THAI]) VALUES (186, N'B8', N'LT009', N'Trống')
GO
INSERT [dbo].[GHE] ([ID_GHE], [VI_TRI_NGOI], [MA_LICH_TRINH], [TRANG_THAI]) VALUES (187, N'B9', N'LT009', N'Trống')
GO
INSERT [dbo].[GHE] ([ID_GHE], [VI_TRI_NGOI], [MA_LICH_TRINH], [TRANG_THAI]) VALUES (188, N'B10', N'LT009', N'Trống')
GO
INSERT [dbo].[GHE] ([ID_GHE], [VI_TRI_NGOI], [MA_LICH_TRINH], [TRANG_THAI]) VALUES (189, N'A1', N'LT005', N'Trống')
GO
INSERT [dbo].[GHE] ([ID_GHE], [VI_TRI_NGOI], [MA_LICH_TRINH], [TRANG_THAI]) VALUES (190, N'A2', N'LT005', N'Trống')
GO
INSERT [dbo].[GHE] ([ID_GHE], [VI_TRI_NGOI], [MA_LICH_TRINH], [TRANG_THAI]) VALUES (191, N'A3', N'LT005', N'Trống')
GO
INSERT [dbo].[GHE] ([ID_GHE], [VI_TRI_NGOI], [MA_LICH_TRINH], [TRANG_THAI]) VALUES (192, N'A4', N'LT005', N'Trống')
GO
INSERT [dbo].[GHE] ([ID_GHE], [VI_TRI_NGOI], [MA_LICH_TRINH], [TRANG_THAI]) VALUES (193, N'A5', N'LT005', N'Trống')
GO
INSERT [dbo].[GHE] ([ID_GHE], [VI_TRI_NGOI], [MA_LICH_TRINH], [TRANG_THAI]) VALUES (194, N'A6', N'LT005', N'Trống')
GO
INSERT [dbo].[GHE] ([ID_GHE], [VI_TRI_NGOI], [MA_LICH_TRINH], [TRANG_THAI]) VALUES (195, N'A7', N'LT005', N'Trống')
GO
INSERT [dbo].[GHE] ([ID_GHE], [VI_TRI_NGOI], [MA_LICH_TRINH], [TRANG_THAI]) VALUES (196, N'A8', N'LT005', N'Trống')
GO
INSERT [dbo].[GHE] ([ID_GHE], [VI_TRI_NGOI], [MA_LICH_TRINH], [TRANG_THAI]) VALUES (197, N'A9', N'LT005', N'Trống')
GO
INSERT [dbo].[GHE] ([ID_GHE], [VI_TRI_NGOI], [MA_LICH_TRINH], [TRANG_THAI]) VALUES (198, N'A10', N'LT005', N'Trống')
GO
INSERT [dbo].[GHE] ([ID_GHE], [VI_TRI_NGOI], [MA_LICH_TRINH], [TRANG_THAI]) VALUES (199, N'B1', N'LT005', N'Trống')
GO
INSERT [dbo].[GHE] ([ID_GHE], [VI_TRI_NGOI], [MA_LICH_TRINH], [TRANG_THAI]) VALUES (200, N'B2', N'LT005', N'Trống')
GO
INSERT [dbo].[GHE] ([ID_GHE], [VI_TRI_NGOI], [MA_LICH_TRINH], [TRANG_THAI]) VALUES (201, N'B3', N'LT005', N'Trống')
GO
INSERT [dbo].[GHE] ([ID_GHE], [VI_TRI_NGOI], [MA_LICH_TRINH], [TRANG_THAI]) VALUES (202, N'B4', N'LT005', N'Trống')
GO
INSERT [dbo].[GHE] ([ID_GHE], [VI_TRI_NGOI], [MA_LICH_TRINH], [TRANG_THAI]) VALUES (203, N'B5', N'LT005', N'Trống')
GO
INSERT [dbo].[GHE] ([ID_GHE], [VI_TRI_NGOI], [MA_LICH_TRINH], [TRANG_THAI]) VALUES (204, N'B6', N'LT005', N'Trống')
GO
INSERT [dbo].[GHE] ([ID_GHE], [VI_TRI_NGOI], [MA_LICH_TRINH], [TRANG_THAI]) VALUES (205, N'B7', N'LT005', N'Trống')
GO
INSERT [dbo].[GHE] ([ID_GHE], [VI_TRI_NGOI], [MA_LICH_TRINH], [TRANG_THAI]) VALUES (206, N'B8', N'LT005', N'Trống')
GO
INSERT [dbo].[GHE] ([ID_GHE], [VI_TRI_NGOI], [MA_LICH_TRINH], [TRANG_THAI]) VALUES (207, N'B9', N'LT005', N'Trống')
GO
INSERT [dbo].[GHE] ([ID_GHE], [VI_TRI_NGOI], [MA_LICH_TRINH], [TRANG_THAI]) VALUES (208, N'B10', N'LT005', N'Trống')
GO
INSERT [dbo].[GHE] ([ID_GHE], [VI_TRI_NGOI], [MA_LICH_TRINH], [TRANG_THAI]) VALUES (209, N'A1', N'LT010', N'Trống')
GO
INSERT [dbo].[GHE] ([ID_GHE], [VI_TRI_NGOI], [MA_LICH_TRINH], [TRANG_THAI]) VALUES (210, N'A2', N'LT010', N'Trống')
GO
INSERT [dbo].[GHE] ([ID_GHE], [VI_TRI_NGOI], [MA_LICH_TRINH], [TRANG_THAI]) VALUES (211, N'A3', N'LT010', N'Trống')
GO
INSERT [dbo].[GHE] ([ID_GHE], [VI_TRI_NGOI], [MA_LICH_TRINH], [TRANG_THAI]) VALUES (212, N'A4', N'LT010', N'Trống')
GO
INSERT [dbo].[GHE] ([ID_GHE], [VI_TRI_NGOI], [MA_LICH_TRINH], [TRANG_THAI]) VALUES (213, N'A5', N'LT010', N'Trống')
GO
INSERT [dbo].[GHE] ([ID_GHE], [VI_TRI_NGOI], [MA_LICH_TRINH], [TRANG_THAI]) VALUES (214, N'A6', N'LT010', N'Trống')
GO
INSERT [dbo].[GHE] ([ID_GHE], [VI_TRI_NGOI], [MA_LICH_TRINH], [TRANG_THAI]) VALUES (215, N'A7', N'LT010', N'Trống')
GO
INSERT [dbo].[GHE] ([ID_GHE], [VI_TRI_NGOI], [MA_LICH_TRINH], [TRANG_THAI]) VALUES (216, N'A8', N'LT010', N'Trống')
GO
INSERT [dbo].[GHE] ([ID_GHE], [VI_TRI_NGOI], [MA_LICH_TRINH], [TRANG_THAI]) VALUES (217, N'A9', N'LT010', N'Trống')
GO
INSERT [dbo].[GHE] ([ID_GHE], [VI_TRI_NGOI], [MA_LICH_TRINH], [TRANG_THAI]) VALUES (218, N'A10', N'LT010', N'Trống')
GO
INSERT [dbo].[GHE] ([ID_GHE], [VI_TRI_NGOI], [MA_LICH_TRINH], [TRANG_THAI]) VALUES (219, N'B1', N'LT010', N'Trống')
GO
INSERT [dbo].[GHE] ([ID_GHE], [VI_TRI_NGOI], [MA_LICH_TRINH], [TRANG_THAI]) VALUES (220, N'B2', N'LT010', N'Trống')
GO
INSERT [dbo].[GHE] ([ID_GHE], [VI_TRI_NGOI], [MA_LICH_TRINH], [TRANG_THAI]) VALUES (221, N'B3', N'LT010', N'Trống')
GO
INSERT [dbo].[GHE] ([ID_GHE], [VI_TRI_NGOI], [MA_LICH_TRINH], [TRANG_THAI]) VALUES (222, N'B4', N'LT010', N'Trống')
GO
INSERT [dbo].[GHE] ([ID_GHE], [VI_TRI_NGOI], [MA_LICH_TRINH], [TRANG_THAI]) VALUES (223, N'B5', N'LT010', N'Trống')
GO
INSERT [dbo].[GHE] ([ID_GHE], [VI_TRI_NGOI], [MA_LICH_TRINH], [TRANG_THAI]) VALUES (224, N'B6', N'LT010', N'Trống')
GO
INSERT [dbo].[GHE] ([ID_GHE], [VI_TRI_NGOI], [MA_LICH_TRINH], [TRANG_THAI]) VALUES (225, N'B7', N'LT010', N'Trống')
GO
INSERT [dbo].[GHE] ([ID_GHE], [VI_TRI_NGOI], [MA_LICH_TRINH], [TRANG_THAI]) VALUES (226, N'B8', N'LT010', N'Trống')
GO
INSERT [dbo].[GHE] ([ID_GHE], [VI_TRI_NGOI], [MA_LICH_TRINH], [TRANG_THAI]) VALUES (227, N'B9', N'LT010', N'Trống')
GO
INSERT [dbo].[GHE] ([ID_GHE], [VI_TRI_NGOI], [MA_LICH_TRINH], [TRANG_THAI]) VALUES (228, N'B10', N'LT010', N'Trống')
GO
INSERT [dbo].[GHE] ([ID_GHE], [VI_TRI_NGOI], [MA_LICH_TRINH], [TRANG_THAI]) VALUES (229, N'A1', N'LT011', N'Trống')
GO
INSERT [dbo].[GHE] ([ID_GHE], [VI_TRI_NGOI], [MA_LICH_TRINH], [TRANG_THAI]) VALUES (230, N'A2', N'LT011', N'Trống')
GO
INSERT [dbo].[GHE] ([ID_GHE], [VI_TRI_NGOI], [MA_LICH_TRINH], [TRANG_THAI]) VALUES (231, N'A3', N'LT011', N'Trống')
GO
INSERT [dbo].[GHE] ([ID_GHE], [VI_TRI_NGOI], [MA_LICH_TRINH], [TRANG_THAI]) VALUES (232, N'A4', N'LT011', N'Trống')
GO
INSERT [dbo].[GHE] ([ID_GHE], [VI_TRI_NGOI], [MA_LICH_TRINH], [TRANG_THAI]) VALUES (233, N'A5', N'LT011', N'Trống')
GO
INSERT [dbo].[GHE] ([ID_GHE], [VI_TRI_NGOI], [MA_LICH_TRINH], [TRANG_THAI]) VALUES (234, N'A6', N'LT011', N'Trống')
GO
INSERT [dbo].[GHE] ([ID_GHE], [VI_TRI_NGOI], [MA_LICH_TRINH], [TRANG_THAI]) VALUES (235, N'A7', N'LT011', N'Trống')
GO
INSERT [dbo].[GHE] ([ID_GHE], [VI_TRI_NGOI], [MA_LICH_TRINH], [TRANG_THAI]) VALUES (236, N'A8', N'LT011', N'Trống')
GO
INSERT [dbo].[GHE] ([ID_GHE], [VI_TRI_NGOI], [MA_LICH_TRINH], [TRANG_THAI]) VALUES (237, N'A9', N'LT011', N'Trống')
GO
INSERT [dbo].[GHE] ([ID_GHE], [VI_TRI_NGOI], [MA_LICH_TRINH], [TRANG_THAI]) VALUES (238, N'A10', N'LT011', N'Trống')
GO
INSERT [dbo].[GHE] ([ID_GHE], [VI_TRI_NGOI], [MA_LICH_TRINH], [TRANG_THAI]) VALUES (239, N'B1', N'LT011', N'Trống')
GO
INSERT [dbo].[GHE] ([ID_GHE], [VI_TRI_NGOI], [MA_LICH_TRINH], [TRANG_THAI]) VALUES (240, N'B2', N'LT011', N'Trống')
GO
INSERT [dbo].[GHE] ([ID_GHE], [VI_TRI_NGOI], [MA_LICH_TRINH], [TRANG_THAI]) VALUES (241, N'B3', N'LT011', N'Trống')
GO
INSERT [dbo].[GHE] ([ID_GHE], [VI_TRI_NGOI], [MA_LICH_TRINH], [TRANG_THAI]) VALUES (242, N'B4', N'LT011', N'Trống')
GO
INSERT [dbo].[GHE] ([ID_GHE], [VI_TRI_NGOI], [MA_LICH_TRINH], [TRANG_THAI]) VALUES (243, N'B5', N'LT011', N'Trống')
GO
INSERT [dbo].[GHE] ([ID_GHE], [VI_TRI_NGOI], [MA_LICH_TRINH], [TRANG_THAI]) VALUES (244, N'B6', N'LT011', N'Trống')
GO
INSERT [dbo].[GHE] ([ID_GHE], [VI_TRI_NGOI], [MA_LICH_TRINH], [TRANG_THAI]) VALUES (245, N'B7', N'LT011', N'Trống')
GO
INSERT [dbo].[GHE] ([ID_GHE], [VI_TRI_NGOI], [MA_LICH_TRINH], [TRANG_THAI]) VALUES (246, N'B8', N'LT011', N'Trống')
GO
INSERT [dbo].[GHE] ([ID_GHE], [VI_TRI_NGOI], [MA_LICH_TRINH], [TRANG_THAI]) VALUES (247, N'B9', N'LT011', N'Trống')
GO
INSERT [dbo].[GHE] ([ID_GHE], [VI_TRI_NGOI], [MA_LICH_TRINH], [TRANG_THAI]) VALUES (248, N'B10', N'LT011', N'Trống')
GO
INSERT [dbo].[GHE] ([ID_GHE], [VI_TRI_NGOI], [MA_LICH_TRINH], [TRANG_THAI]) VALUES (249, N'A1', N'LT012', N'Trống')
GO
INSERT [dbo].[GHE] ([ID_GHE], [VI_TRI_NGOI], [MA_LICH_TRINH], [TRANG_THAI]) VALUES (250, N'A2', N'LT012', N'Trống')
GO
INSERT [dbo].[GHE] ([ID_GHE], [VI_TRI_NGOI], [MA_LICH_TRINH], [TRANG_THAI]) VALUES (251, N'A3', N'LT012', N'Trống')
GO
INSERT [dbo].[GHE] ([ID_GHE], [VI_TRI_NGOI], [MA_LICH_TRINH], [TRANG_THAI]) VALUES (252, N'A4', N'LT012', N'Trống')
GO
INSERT [dbo].[GHE] ([ID_GHE], [VI_TRI_NGOI], [MA_LICH_TRINH], [TRANG_THAI]) VALUES (253, N'A5', N'LT012', N'Trống')
GO
INSERT [dbo].[GHE] ([ID_GHE], [VI_TRI_NGOI], [MA_LICH_TRINH], [TRANG_THAI]) VALUES (254, N'A6', N'LT012', N'Trống')
GO
INSERT [dbo].[GHE] ([ID_GHE], [VI_TRI_NGOI], [MA_LICH_TRINH], [TRANG_THAI]) VALUES (255, N'A7', N'LT012', N'Trống')
GO
INSERT [dbo].[GHE] ([ID_GHE], [VI_TRI_NGOI], [MA_LICH_TRINH], [TRANG_THAI]) VALUES (256, N'A8', N'LT012', N'Trống')
GO
INSERT [dbo].[GHE] ([ID_GHE], [VI_TRI_NGOI], [MA_LICH_TRINH], [TRANG_THAI]) VALUES (257, N'A9', N'LT012', N'Trống')
GO
INSERT [dbo].[GHE] ([ID_GHE], [VI_TRI_NGOI], [MA_LICH_TRINH], [TRANG_THAI]) VALUES (258, N'A10', N'LT012', N'Trống')
GO
INSERT [dbo].[GHE] ([ID_GHE], [VI_TRI_NGOI], [MA_LICH_TRINH], [TRANG_THAI]) VALUES (259, N'A11', N'LT012', N'Trống')
GO
INSERT [dbo].[GHE] ([ID_GHE], [VI_TRI_NGOI], [MA_LICH_TRINH], [TRANG_THAI]) VALUES (260, N'A12', N'LT012', N'Trống')
GO
INSERT [dbo].[GHE] ([ID_GHE], [VI_TRI_NGOI], [MA_LICH_TRINH], [TRANG_THAI]) VALUES (261, N'B1', N'LT012', N'Trống')
GO
INSERT [dbo].[GHE] ([ID_GHE], [VI_TRI_NGOI], [MA_LICH_TRINH], [TRANG_THAI]) VALUES (262, N'B2', N'LT012', N'Trống')
GO
INSERT [dbo].[GHE] ([ID_GHE], [VI_TRI_NGOI], [MA_LICH_TRINH], [TRANG_THAI]) VALUES (263, N'B3', N'LT012', N'Trống')
GO
INSERT [dbo].[GHE] ([ID_GHE], [VI_TRI_NGOI], [MA_LICH_TRINH], [TRANG_THAI]) VALUES (264, N'B4', N'LT012', N'Trống')
GO
INSERT [dbo].[GHE] ([ID_GHE], [VI_TRI_NGOI], [MA_LICH_TRINH], [TRANG_THAI]) VALUES (265, N'B5', N'LT012', N'Trống')
GO
INSERT [dbo].[GHE] ([ID_GHE], [VI_TRI_NGOI], [MA_LICH_TRINH], [TRANG_THAI]) VALUES (266, N'B6', N'LT012', N'Trống')
GO
INSERT [dbo].[GHE] ([ID_GHE], [VI_TRI_NGOI], [MA_LICH_TRINH], [TRANG_THAI]) VALUES (267, N'B7', N'LT012', N'Trống')
GO
INSERT [dbo].[GHE] ([ID_GHE], [VI_TRI_NGOI], [MA_LICH_TRINH], [TRANG_THAI]) VALUES (268, N'B8', N'LT012', N'Trống')
GO
INSERT [dbo].[GHE] ([ID_GHE], [VI_TRI_NGOI], [MA_LICH_TRINH], [TRANG_THAI]) VALUES (269, N'B9', N'LT012', N'Trống')
GO
INSERT [dbo].[GHE] ([ID_GHE], [VI_TRI_NGOI], [MA_LICH_TRINH], [TRANG_THAI]) VALUES (270, N'B10', N'LT012', N'Trống')
GO
INSERT [dbo].[GHE] ([ID_GHE], [VI_TRI_NGOI], [MA_LICH_TRINH], [TRANG_THAI]) VALUES (271, N'C1', N'LT012', N'Trống')
GO
INSERT [dbo].[GHE] ([ID_GHE], [VI_TRI_NGOI], [MA_LICH_TRINH], [TRANG_THAI]) VALUES (272, N'C2', N'LT012', N'Trống')
GO
INSERT [dbo].[GHE] ([ID_GHE], [VI_TRI_NGOI], [MA_LICH_TRINH], [TRANG_THAI]) VALUES (273, N'C3', N'LT012', N'Trống')
GO
INSERT [dbo].[GHE] ([ID_GHE], [VI_TRI_NGOI], [MA_LICH_TRINH], [TRANG_THAI]) VALUES (274, N'C4', N'LT012', N'Trống')
GO
INSERT [dbo].[GHE] ([ID_GHE], [VI_TRI_NGOI], [MA_LICH_TRINH], [TRANG_THAI]) VALUES (275, N'C5', N'LT012', N'Trống')
GO
INSERT [dbo].[GHE] ([ID_GHE], [VI_TRI_NGOI], [MA_LICH_TRINH], [TRANG_THAI]) VALUES (276, N'C6', N'LT012', N'Trống')
GO
INSERT [dbo].[GHE] ([ID_GHE], [VI_TRI_NGOI], [MA_LICH_TRINH], [TRANG_THAI]) VALUES (277, N'C7', N'LT012', N'Trống')
GO
INSERT [dbo].[GHE] ([ID_GHE], [VI_TRI_NGOI], [MA_LICH_TRINH], [TRANG_THAI]) VALUES (278, N'C8', N'LT012', N'Trống')
GO
INSERT [dbo].[GHE] ([ID_GHE], [VI_TRI_NGOI], [MA_LICH_TRINH], [TRANG_THAI]) VALUES (279, N'C9', N'LT012', N'Trống')
GO
INSERT [dbo].[GHE] ([ID_GHE], [VI_TRI_NGOI], [MA_LICH_TRINH], [TRANG_THAI]) VALUES (280, N'C10', N'LT012', N'Trống')
GO
INSERT [dbo].[GHE] ([ID_GHE], [VI_TRI_NGOI], [MA_LICH_TRINH], [TRANG_THAI]) VALUES (281, N'C11', N'LT012', N'Trống')
GO
INSERT [dbo].[GHE] ([ID_GHE], [VI_TRI_NGOI], [MA_LICH_TRINH], [TRANG_THAI]) VALUES (282, N'C12', N'LT012', N'Trống')
GO
INSERT [dbo].[GHE] ([ID_GHE], [VI_TRI_NGOI], [MA_LICH_TRINH], [TRANG_THAI]) VALUES (283, N'A1', N'LT013', N'Trống')
GO
INSERT [dbo].[GHE] ([ID_GHE], [VI_TRI_NGOI], [MA_LICH_TRINH], [TRANG_THAI]) VALUES (284, N'A2', N'LT013', N'Trống')
GO
INSERT [dbo].[GHE] ([ID_GHE], [VI_TRI_NGOI], [MA_LICH_TRINH], [TRANG_THAI]) VALUES (285, N'A3', N'LT013', N'Trống')
GO
INSERT [dbo].[GHE] ([ID_GHE], [VI_TRI_NGOI], [MA_LICH_TRINH], [TRANG_THAI]) VALUES (286, N'A4', N'LT013', N'Trống')
GO
INSERT [dbo].[GHE] ([ID_GHE], [VI_TRI_NGOI], [MA_LICH_TRINH], [TRANG_THAI]) VALUES (287, N'A5', N'LT013', N'Trống')
GO
INSERT [dbo].[GHE] ([ID_GHE], [VI_TRI_NGOI], [MA_LICH_TRINH], [TRANG_THAI]) VALUES (288, N'A6', N'LT013', N'Trống')
GO
INSERT [dbo].[GHE] ([ID_GHE], [VI_TRI_NGOI], [MA_LICH_TRINH], [TRANG_THAI]) VALUES (289, N'A7', N'LT013', N'Trống')
GO
INSERT [dbo].[GHE] ([ID_GHE], [VI_TRI_NGOI], [MA_LICH_TRINH], [TRANG_THAI]) VALUES (290, N'A8', N'LT013', N'Trống')
GO
INSERT [dbo].[GHE] ([ID_GHE], [VI_TRI_NGOI], [MA_LICH_TRINH], [TRANG_THAI]) VALUES (291, N'A9', N'LT013', N'Trống')
GO
INSERT [dbo].[GHE] ([ID_GHE], [VI_TRI_NGOI], [MA_LICH_TRINH], [TRANG_THAI]) VALUES (292, N'A10', N'LT013', N'Trống')
GO
INSERT [dbo].[GHE] ([ID_GHE], [VI_TRI_NGOI], [MA_LICH_TRINH], [TRANG_THAI]) VALUES (293, N'A11', N'LT013', N'Trống')
GO
INSERT [dbo].[GHE] ([ID_GHE], [VI_TRI_NGOI], [MA_LICH_TRINH], [TRANG_THAI]) VALUES (294, N'A12', N'LT013', N'Trống')
GO
INSERT [dbo].[GHE] ([ID_GHE], [VI_TRI_NGOI], [MA_LICH_TRINH], [TRANG_THAI]) VALUES (295, N'B1', N'LT013', N'Trống')
GO
INSERT [dbo].[GHE] ([ID_GHE], [VI_TRI_NGOI], [MA_LICH_TRINH], [TRANG_THAI]) VALUES (296, N'B2', N'LT013', N'Trống')
GO
INSERT [dbo].[GHE] ([ID_GHE], [VI_TRI_NGOI], [MA_LICH_TRINH], [TRANG_THAI]) VALUES (297, N'B3', N'LT013', N'Trống')
GO
INSERT [dbo].[GHE] ([ID_GHE], [VI_TRI_NGOI], [MA_LICH_TRINH], [TRANG_THAI]) VALUES (298, N'B4', N'LT013', N'Trống')
GO
INSERT [dbo].[GHE] ([ID_GHE], [VI_TRI_NGOI], [MA_LICH_TRINH], [TRANG_THAI]) VALUES (299, N'B5', N'LT013', N'Trống')
GO
INSERT [dbo].[GHE] ([ID_GHE], [VI_TRI_NGOI], [MA_LICH_TRINH], [TRANG_THAI]) VALUES (300, N'B6', N'LT013', N'Trống')
GO
INSERT [dbo].[GHE] ([ID_GHE], [VI_TRI_NGOI], [MA_LICH_TRINH], [TRANG_THAI]) VALUES (301, N'B7', N'LT013', N'Trống')
GO
INSERT [dbo].[GHE] ([ID_GHE], [VI_TRI_NGOI], [MA_LICH_TRINH], [TRANG_THAI]) VALUES (302, N'B8', N'LT013', N'Trống')
GO
INSERT [dbo].[GHE] ([ID_GHE], [VI_TRI_NGOI], [MA_LICH_TRINH], [TRANG_THAI]) VALUES (303, N'B9', N'LT013', N'Trống')
GO
INSERT [dbo].[GHE] ([ID_GHE], [VI_TRI_NGOI], [MA_LICH_TRINH], [TRANG_THAI]) VALUES (304, N'B10', N'LT013', N'Trống')
GO
INSERT [dbo].[GHE] ([ID_GHE], [VI_TRI_NGOI], [MA_LICH_TRINH], [TRANG_THAI]) VALUES (305, N'C1', N'LT013', N'Trống')
GO
INSERT [dbo].[GHE] ([ID_GHE], [VI_TRI_NGOI], [MA_LICH_TRINH], [TRANG_THAI]) VALUES (306, N'C2', N'LT013', N'Trống')
GO
INSERT [dbo].[GHE] ([ID_GHE], [VI_TRI_NGOI], [MA_LICH_TRINH], [TRANG_THAI]) VALUES (307, N'C3', N'LT013', N'Trống')
GO
INSERT [dbo].[GHE] ([ID_GHE], [VI_TRI_NGOI], [MA_LICH_TRINH], [TRANG_THAI]) VALUES (308, N'C4', N'LT013', N'Trống')
GO
INSERT [dbo].[GHE] ([ID_GHE], [VI_TRI_NGOI], [MA_LICH_TRINH], [TRANG_THAI]) VALUES (309, N'C5', N'LT013', N'Trống')
GO
INSERT [dbo].[GHE] ([ID_GHE], [VI_TRI_NGOI], [MA_LICH_TRINH], [TRANG_THAI]) VALUES (310, N'C6', N'LT013', N'Trống')
GO
INSERT [dbo].[GHE] ([ID_GHE], [VI_TRI_NGOI], [MA_LICH_TRINH], [TRANG_THAI]) VALUES (311, N'C7', N'LT013', N'Trống')
GO
INSERT [dbo].[GHE] ([ID_GHE], [VI_TRI_NGOI], [MA_LICH_TRINH], [TRANG_THAI]) VALUES (312, N'C8', N'LT013', N'Trống')
GO
INSERT [dbo].[GHE] ([ID_GHE], [VI_TRI_NGOI], [MA_LICH_TRINH], [TRANG_THAI]) VALUES (313, N'C9', N'LT013', N'Trống')
GO
INSERT [dbo].[GHE] ([ID_GHE], [VI_TRI_NGOI], [MA_LICH_TRINH], [TRANG_THAI]) VALUES (314, N'C10', N'LT013', N'Trống')
GO
INSERT [dbo].[GHE] ([ID_GHE], [VI_TRI_NGOI], [MA_LICH_TRINH], [TRANG_THAI]) VALUES (315, N'C11', N'LT013', N'Trống')
GO
INSERT [dbo].[GHE] ([ID_GHE], [VI_TRI_NGOI], [MA_LICH_TRINH], [TRANG_THAI]) VALUES (316, N'C12', N'LT013', N'Trống')
GO
SET IDENTITY_INSERT [dbo].[GHE] OFF
GO
INSERT [dbo].[ChiTietVe] ([ID_VE], [ID_GHE]) VALUES (N'LT003VE001', 55)
GO
INSERT [dbo].[ChiTietVe] ([ID_VE], [ID_GHE]) VALUES (N'LT003VE001', 65)
GO
